"Position","Promotion","Discount Offer","Restaurant Name","Rating","Cuisines","Cost for Two","Location","Distance","Restaurant URL","Image URL","Zomato Gold Image"
1,"Promoted","Flat 20% OFF","Korma Sutra - Restaurant & Cafe",4.6,"Indian, Asian, Turkish, Italian, Continental, BBQ","AED 180 for two","Al Barsha, Dubai","2.3 km","https://www.zomato.com/dubai/korma-sutra-restaurant-cafe-al-barsha/info","https://b.zmtcdn.com/data/pictures/6/21040866/ee90713984b9d0a6f0829d914ee72917_featured_v2.jpg?output-format=webp","https://b.zmtcdn.com/data/o2_assets/9b1ff9e19b7fadea6c6a57e081a1f5ac1687776279.png"
2,"Promoted","Flat 20% OFF","Orientale",4.6,"Chinese, Sushi, Thai, Asian","AED 145 for two","Al Barsha, Dubai","2.1 km","https://www.zomato.com/dubai/orientale-al-barsha/info","https://b.zmtcdn.com/data/pictures/0/19728900/78b5e1d11cf13299ef3e04c05a141c74_featured_v2.jpg?output-format=webp","https://b.zmtcdn.com/data/o2_assets/9b1ff9e19b7fadea6c6a57e081a1f5ac1687776279.png"
3,"Promoted","Flat 20% OFF","Socialicious",4.7,"Cafe, Asian, Thai, Coffee, Beverages","AED 125 for two","Jumeirah Village, Dubai","7 km","https://www.zomato.com/socialicious/info","https://b.zmtcdn.com/data/pictures/8/18598678/f9fee0a697801b266974d0ee6f96ea49_featured_v2.jpg?output-format=webp","https://b.zmtcdn.com/data/o2_assets/9b1ff9e19b7fadea6c6a57e081a1f5ac1687776279.png"
4,"Promoted","Flat 10% OFF","Nine Squares Restaurant",4.6,"Hot Pot, Chinese, Asian","AED 150 for two","Umm Suqeim, Dubai","4.8 km","https://www.zomato.com/dubai/nine-squares-restaurant-umm-suqeim/info","https://b.zmtcdn.com/data/pictures/4/19483264/e2b4046f03efe2801804a47a8c87a501_featured_v2.jpg","https://b.zmtcdn.com/data/o2_assets/9b1ff9e19b7fadea6c6a57e081a1f5ac1687776279.png"
5,"Promoted","Flat 10% OFF","Wafi Gourmet",3.5,"Lebanese, Arabian, Middle Eastern, Kebab","AED 295 for two","Sunset Mall, Jumeirah 3, Dubai","6.3 km","https://www.zomato.com/dubai/wafi-gourmet-jumeirah-3/info","https://b.zmtcdn.com/data/pictures/3/20107813/e07f9f6cb75d1e69aef667c40f5e052f_featured_v2.jpg","https://b.zmtcdn.com/data/o2_assets/9b1ff9e19b7fadea6c6a57e081a1f5ac1687776279.png"
6,"Promoted","Flat 10% OFF","N89 Restaurant",4.4,"Indian, Chinese, International, Middle Eastern, Beverages","AED 100 for two","Cluster V, Jumeirah Lake Towers, Dubai","9.5 km","https://www.zomato.com/dubai/n89-restaurant-jumeirah-lake-towers/info","https://b.zmtcdn.com/data/pictures/0/20986350/3c186c94f8b09f01ce0e69e44926da5a_featured_v2.jpg","https://b.zmtcdn.com/data/o2_assets/9b1ff9e19b7fadea6c6a57e081a1f5ac1687776279.png"
7,,,"Baraak by BVK",4.5,"Indian, Middle Eastern, North Indian, Grill, Kebab, South Indian, BBQ, Shawarma","AED 80 for two","Al Karama, Dubai","15.6 km","https://www.zomato.com/dubai/baraak-by-bvk-al-karama/info","https://b.zmtcdn.com/data/pictures/9/21120749/e5f1021cb60f1043122bf908214902b5_featured_v2.jpg",
8,"Promoted","Flat 10% OFF","Beresta",4.2,"Indian, Biryani, North Indian, Mughlai, Kebab","AED 100 for two","Business Bay, Dubai","7.9 km","https://www.zomato.com/dubai/beresta-1-business-bay/info","https://b.zmtcdn.com/data/pictures/7/20100567/214554b10afd5c7bdd0a49c4bcaf5f57_featured_v2.jpg","https://b.zmtcdn.com/data/o2_assets/9b1ff9e19b7fadea6c6a57e081a1f5ac1687776279.png"
9,,"Flat 15% OFF","Delhi Highway",4.2,"North Indian, Indian, Desserts, Beverages","AED 140 for two","Al Karama, Dubai","15.3 km","https://www.zomato.com/dubai/delhi-highway-al-karama/info","https://b.zmtcdn.com/data/pictures/7/20615057/4c415a73c824a079c9859b357bde30ef_featured_v2.jpg","https://b.zmtcdn.com/data/o2_assets/9b1ff9e19b7fadea6c6a57e081a1f5ac1687776279.png"
10,"Promoted","Flat 10% OFF","Iyer's Premium Veg Restaurant","New","South Indian, North Indian, Indo-Chinese","AED 50 for two","Cluster I, Jumeirah Lake Towers, Dubai","10.8 km","https://www.zomato.com/dubai/iyers-premium-veg-restaurant-jumeirah-lake-towers/info","https://b.zmtcdn.com/data/pictures/4/21485274/ad8b65a41b7eefe6d7b392cfb1e5aa84_featured_v2.jpg","https://b.zmtcdn.com/data/o2_assets/9b1ff9e19b7fadea6c6a57e081a1f5ac1687776279.png"
11,,"Flat 10% OFF","Bombay Borough - Indian Bar & Eatery",4.6,"Indian, Contemporary","AED 445 for two","Gate Village, DIFC, Dubai","11 km","https://www.zomato.com/dubai/bombay-borough-indian-bar-eatery-difc/info","https://b.zmtcdn.com/data/pictures/3/19307083/aca0764d94cf4bbf4ca1528ffb35b38f_featured_v2.jpg","https://b.zmtcdn.com/data/o2_assets/9b1ff9e19b7fadea6c6a57e081a1f5ac1687776279.png"
12,"Promoted","Flat 15% OFF","Arabeska Elite Restaurant",4.3,"Arabian, International","AED 225 for two","Souk Al Bahar, Downtown Dubai, Dubai","8.8 km","https://www.zomato.com/dubai/arabeska-elite-restaurant-downtown-dubai/info","https://b.zmtcdn.com/data/pictures/6/19976976/02338adb9a2b868dd0f9a0fd25ec1f37_featured_v2.jpg","https://b.zmtcdn.com/data/o2_assets/9b1ff9e19b7fadea6c6a57e081a1f5ac1687776279.png"
13,,"Flat 20% OFF","Kathhiyawadi Thali Restaurant",4.5,"Gujarati, Rajasthani, North Indian, Indian","AED 90 for two","Al Karama, Dubai","15.7 km","https://www.zomato.com/dubai/kathhiyawadi-thali-restaurant-al-karama/info","https://b.zmtcdn.com/data/pictures/6/18667986/a7a5625488966b807de09c07d4ad4523_featured_v2.jpg","https://b.zmtcdn.com/data/o2_assets/9b1ff9e19b7fadea6c6a57e081a1f5ac1687776279.png"
14,,,"Miti Restaurant & Cafe",4.3,"Indian, Indo-Chinese, Street Food, North Indian","AED 160 for two","Al Karama, Dubai","15.3 km","https://www.zomato.com/dubai/miti-restaurant-cafe-al-karama/info","https://b.zmtcdn.com/data/pictures/1/20062291/94439e61ad05294d66c9c9d563cce860_featured_v2.jpg",
15,,"Flat 15% OFF","Bombay Bungalow",4.2,"Indian, North Indian","AED 250 for two","The Beach, Jumeirah Beach Residence, Dubai","11.1 km","https://www.zomato.com/dubai/bombay-bungalow-jumeirah-beach-residence/info","https://b.zmtcdn.com/data/pictures/2/18498302/4f7c2e4ef36cc80d7bacb346b36ba286_featured_v2.jpg","https://b.zmtcdn.com/data/o2_assets/9b1ff9e19b7fadea6c6a57e081a1f5ac1687776279.png"
16,,"Flat 20% OFF","Hitchki Global Indian Restaurant",4.5,"Indian, North Indian, Biryani, Burger, Fast Food, Desserts","AED 220 for two","City Centre Mirdif, Mirdif, Dubai","20.7 km","https://www.zomato.com/dubai/hitchki-global-indian-restaurant-mirdif/info","https://b.zmtcdn.com/data/pictures/4/19437024/30ad7ddc1a667ceb58c0258743159367_featured_v2.jpg","https://b.zmtcdn.com/data/o2_assets/9b1ff9e19b7fadea6c6a57e081a1f5ac1687776279.png"
17,,"Flat 10% OFF","The Desi Firangi",4.7,"Indian, North Indian, Kebab, Grill, Mughlai","AED 125 for two","Al Hudaiba and Around, Dubai","14.2 km","https://www.zomato.com/dubai/the-desi-firangi-al-hudaiba-and-around/info","https://b.zmtcdn.com/data/pictures/5/20863455/751c2ef951b65a28a09620163b059e7f_featured_v2.jpg","https://b.zmtcdn.com/data/o2_assets/9b1ff9e19b7fadea6c6a57e081a1f5ac1687776279.png"
18,,,"Atrangi by Ritu Dalmia",4.3,"Indian","AED 250 for two","Jumeirah Al Qasr, Madinat Jumeirah , Dubai","4.3 km","https://www.zomato.com/dubai/atrangi-by-ritu-dalmia-madinat-jumeirah/info","https://b.zmtcdn.com/data/pictures/5/20662345/5be31df12605b9cd53ab01eb17afbc3c_featured_v2.jpg",
19,,,"Karachi Grill",4.1,"Pakistani, Indian, North Indian, Kebab, Biryani, Grill","AED 150 for two","Jumeirah 2, Dubai","8.8 km","https://www.zomato.com/dubai/karachi-grill-jumeirah-2/info","https://b.zmtcdn.com/data/pictures/1/210001/0762d0689944ef956eea5bb792d11e7e_featured_v2.jpg",
20,,"Flat 10% OFF","Asia Kitchen By Mainland China",4.5,"Asian, Chinese, Sushi","AED 220 for two","BurJuman Centre, Mankhool, Dubai","16 km","https://www.zomato.com/dubai/asia-kitchen-by-mainland-china-mankhool/info","https://b.zmtcdn.com/data/pictures/chains/1/18648901/e9baa043efe56f7639a0fd9b98a69e0c_featured_v2.jpg","https://b.zmtcdn.com/data/o2_assets/9b1ff9e19b7fadea6c6a57e081a1f5ac1687776279.png"
21,,"Flat 25% OFF","Rohini by Little Miss India",4.2,"Indian","AED 180 for two","Mövenpick Hotel Jumeirah Lakes Towers, Dubai","11.3 km","https://www.zomato.com/dubai/rohini-by-little-miss-india-jumeirah-lake-towers/info","https://b.zmtcdn.com/data/pictures/2/20893322/a318967cbc120cf8d7dfa93165b929a5_featured_v2.jpg","https://b.zmtcdn.com/data/o2_assets/9b1ff9e19b7fadea6c6a57e081a1f5ac1687776279.png"
22,,,"AB's Absolute Barbecues",4.6,"Indian, BBQ, Kebab","AED 180 for two","Centurion Star Tower, Deira City Centre Area, Dubai","17.4 km","https://www.zomato.com/dubai/abs-absolute-barbecues-deira-city-centre-area/info","https://b.zmtcdn.com/data/pictures/8/18269368/db14dce6222290e38714267f73c5fcc1_featured_v2.jpg",
23,,"Flat 10% OFF","Mist Restaurant",4.1,"Lebanese, International, Shawarma","AED 180 for two","Business Bay, Dubai","7.3 km","https://www.zomato.com/dubai/mist-restaurant-business-bay/info","https://b.zmtcdn.com/data/pictures/5/20248995/9988ab74d98033991a0221be1e3704f2_featured_v2.jpg","https://b.zmtcdn.com/data/o2_assets/9b1ff9e19b7fadea6c6a57e081a1f5ac1687776279.png"
24,,"Flat 20% OFF","The Bhukkad Cafe",3.6,"Indian, Street Food, Beverages","AED 120 for two","Al Karama, Dubai","15.4 km","https://www.zomato.com/dubai/the-bhukkad-cafe-al-karama/info","https://b.zmtcdn.com/data/pictures/7/18600517/21861de1735b72a9923eb2cf506a96e9_featured_v2.jpg","https://b.zmtcdn.com/data/o2_assets/9b1ff9e19b7fadea6c6a57e081a1f5ac1687776279.png"
25,,,"Chipotle Mexican Grill",2.7,"Mexican, Grill, Beverages","AED 100 for two","Jumeirah Beach Residence (JBR), Dubai","11.1 km","https://www.zomato.com/dubai/chipotle-mexican-grill-jumeirah-beach-residence/info","https://b.zmtcdn.com/data/pictures/8/21321188/3bad59df5362fd6ba97b15ce3e1ec93b_featured_v2.jpg",
26,,"Flat 15% OFF","Stories Lounge - Bar & Cafe",4.4,"Indian, Asian, Indo-Chinese, Mediterranean, Continental","AED 120 for two","Meena Bazaar, Dubai","16.5 km","https://www.zomato.com/dubai/stories-lounge-bar-cafe-meena-bazaar/info","https://b.zmtcdn.com/data/pictures/1/21465361/511a07d034220fe8572d46ae1166322c_featured_v2.jpg","https://b.zmtcdn.com/data/o2_assets/9b1ff9e19b7fadea6c6a57e081a1f5ac1687776279.png"
27,,"Flat 20% OFF","Jadaf Lokal - DoubleTree By Hilton Dubai Al Jaddaf",4.4,"Indian","AED 150 for two","DoubleTree by Hilton Dubai, Al Jaddaf, Dubai","14.8 km","https://www.zomato.com/dubai/jadaf-lokal-doubletree-by-hilton-dubai-al-jaddaf-al-jaddaf/info","https://b.zmtcdn.com/data/pictures/7/21351997/62615db66611520ff756875fe4d17903_featured_v2.jpg","https://b.zmtcdn.com/data/o2_assets/9b1ff9e19b7fadea6c6a57e081a1f5ac1687776279.png"
28,,"Flat 15% OFF","Tum Tum Asia",4.4,"Asian, Sushi, Chinese, Indian","AED 175 for two","Oud Metha, Dubai","14.5 km","https://www.zomato.com/dubai/tum-tum-asia-oud-metha/info","https://b.zmtcdn.com/data/pictures/9/18537079/0462e52c485255558aca287b124309fa_featured_v2.jpg","https://b.zmtcdn.com/data/o2_assets/9b1ff9e19b7fadea6c6a57e081a1f5ac1687776279.png"
29,,"Flat 15% OFF","Indikaya",4.3,"Indian, Tapas, Contemporary, Beverages","AED 575 for two","Shangri-La, Trade Centre Area, Dubai","10 km","https://www.zomato.com/dubai/indikaya-trade-centre-area/info","https://b.zmtcdn.com/data/pictures/3/21323803/4fff8416556ea88d501ef8e0d04a649d_featured_v2.jpg","https://b.zmtcdn.com/data/o2_assets/9b1ff9e19b7fadea6c6a57e081a1f5ac1687776279.png"
30,,"Flat 30% OFF","Signature By Sanjeev Kapoor",4.1,"Indian, North Indian, Biryani, Kebab, Mughlai","AED 400 for two","The Canvas Hotel, Mankhool, Dubai","15.3 km","https://www.zomato.com/dubai/signature-by-sanjeev-kapoor-mankhool/info","https://b.zmtcdn.com/data/pictures/7/204727/e96663c84ea43e349171731da7965dd2_featured_v2.jpg","https://b.zmtcdn.com/data/o2_assets/9b1ff9e19b7fadea6c6a57e081a1f5ac1687776279.png"
31,,,"Shamiana - Taj Jumeriah Lake Towers",4.2,"Indian","AED 500 for two","Taj Jumeirah Lakes Towers, Dubai","9.1 km","https://www.zomato.com/dubai/shamiana-taj-jumeriah-lake-towers-jumeirah-lake-towers/info","https://b.zmtcdn.com/data/pictures/7/19273187/70ffbf572001e614bc1e7760ffb64dde_featured_v2.jpg",
32,,"Flat 20% OFF","Manbhavan Premium Thali Restaurant","New","Indian, North Indian","AED 110 for two","Al Karama, Dubai","14.8 km","https://www.zomato.com/dubai/manbhavan-premium-thali-restaurant-al-karama/info","https://b.zmtcdn.com/data/pictures/8/21412488/37c83f4957772cd2e880be0b9733e909_featured_v2.jpg","https://b.zmtcdn.com/data/o2_assets/9b1ff9e19b7fadea6c6a57e081a1f5ac1687776279.png"
33,,,"Goa Portuguesa",4.1,"Goan, Indian","AED 115 for two","Al Karama, Dubai","15.2 km","https://www.zomato.com/dubai/goa-portuguesa-al-karama/info","https://b.zmtcdn.com/data/pictures/9/21393329/7e82780650beed14182a53d517c4a5d0_featured_v2.jpg",
34,,"Flat 25% OFF","Al Sultan Restaurant & Grill",4.4,"Arabian, Middle Eastern, Grill","AED 100 for two","Hor Al Anz, Dubai","21.1 km","https://www.zomato.com/dubai/al-sultan-restaurant-grill-hor-al-anz/info","https://b.zmtcdn.com/data/pictures/4/20254494/ebc1b0846362eab2a282dc1e1622db3b_featured_v2.jpg","https://b.zmtcdn.com/data/o2_assets/9b1ff9e19b7fadea6c6a57e081a1f5ac1687776279.png"
35,,"Flat 10% OFF","Atithi Veg Restaurant",4.2,"Indian, North Indian, South Indian","AED 80 for two","Mankhool, Dubai","15.2 km","https://www.zomato.com/dubai/atithi-veg-restaurant-mankhool/info","https://b.zmtcdn.com/data/pictures/4/20765174/31ed34d26c7a7ddf316e97f69e14e0f3_featured_v2.jpg","https://b.zmtcdn.com/data/o2_assets/9b1ff9e19b7fadea6c6a57e081a1f5ac1687776279.png"
36,,"Flat 10% OFF","Kobe Sizzlers",3.8,"Continental","AED 130 for two","Al Karama, Dubai","15.6 km","https://www.zomato.com/dubai/kobe-sizzlers-al-karama/info","https://b.zmtcdn.com/data/pictures/chains/8/202168/089e38e45d7c90d7a3c0d5adc3134ff3_featured_v2.jpg","https://b.zmtcdn.com/data/o2_assets/9b1ff9e19b7fadea6c6a57e081a1f5ac1687776279.png"
37,,"Flat 10% OFF","Junior Kuppanna",4.1,"South Indian, Sri Lankan, Asian","AED 80 for two","Al Karama, Dubai","15.4 km","https://www.zomato.com/dubai/junior-kuppanna-al-karama/info","https://b.zmtcdn.com/data/pictures/2/21236122/ea96a294a5051f53e01128befff3e9e4_featured_v2.jpg","https://b.zmtcdn.com/data/o2_assets/9b1ff9e19b7fadea6c6a57e081a1f5ac1687776279.png"
38,,"Flat 30% OFF","HYP",4.3,"Indian, Asian, Kebab, Grill","AED 310 for two","Al Satwa, Dubai","12.4 km","https://www.zomato.com/dubai/hyp-al-satwa/info","https://b.zmtcdn.com/data/pictures/8/20039958/8f7476b6e29f4ad615ae18774e9e1283_featured_v2.jpg","https://b.zmtcdn.com/data/o2_assets/9b1ff9e19b7fadea6c6a57e081a1f5ac1687776279.png"
39,,"Flat 15% OFF","Pasha Sarayi",4.2,"Turkish, Mediterranean, Steak, Middle Eastern, Arabian","AED 275 for two","Mercato Mall, Jumeirah 1, Dubai","10.2 km","https://www.zomato.com/dubai/pasha-sarayi-jumeirah-1/info","https://b.zmtcdn.com/data/pictures/1/20678331/89625eb5d8c661a7fa37ea3a1712b19e_featured_v2.jpg","https://b.zmtcdn.com/data/o2_assets/9b1ff9e19b7fadea6c6a57e081a1f5ac1687776279.png"
40,,"Flat 15% OFF","Pind Da Dhaba",4,"Indian, North Indian, Kebab, Biryani, Desserts, Beverages","AED 100 for two","Al Karama, Dubai","14.2 km","https://www.zomato.com/dubai/pind-da-dhaba-al-karama/info","https://b.zmtcdn.com/data/pictures/0/205080/bfff0ae1703471eff870f47e4345aed6_featured_v2.jpg","https://b.zmtcdn.com/data/o2_assets/9b1ff9e19b7fadea6c6a57e081a1f5ac1687776279.png"
41,,"Flat 30% OFF","Kitchen6 - JW Marriott Marquis",4.6,"Arabian, Asian, Indian, International, Desserts, Beverages","AED 375 for two","JW Marriott Marquis Dubai, Business Bay, Dubai","7.1 km","https://www.zomato.com/dubai/kitchen6-jw-marriott-marquis-business-bay/info","https://b.zmtcdn.com/data/pictures/0/205230/7d8f0c26f4032db380d0dcd886e177f3_featured_v2.jpg","https://b.zmtcdn.com/data/o2_assets/9b1ff9e19b7fadea6c6a57e081a1f5ac1687776279.png"
42,,"Flat 10% OFF","The Food Villa",4.5,"Indian, North Indian, South Indian, Italian, Lebanese, Mexican, Beverages, Desserts","AED 100 for two","Umm Hurair, Dubai","14.6 km","https://www.zomato.com/dubai/the-food-villa-umm-hurair/info","https://b.zmtcdn.com/data/pictures/3/20998483/a2055c73b598a2e140f6858ea19fd781_featured_v2.jpg","https://b.zmtcdn.com/data/o2_assets/9b1ff9e19b7fadea6c6a57e081a1f5ac1687776279.png"
43,,"Flat 10% OFF","Nawab",4.4,"Indian, North Indian, Kebab","AED 110 for two","Dubai Investment Park, Dubai","15.9 km","https://www.zomato.com/dubai/nawab-dubai-investment-park/info","https://b.zmtcdn.com/data/pictures/chains/3/19166943/6315107bf6a2e4471057dab04a3c3c17_featured_v2.jpg","https://b.zmtcdn.com/data/o2_assets/9b1ff9e19b7fadea6c6a57e081a1f5ac1687776279.png"
44,,"Flat 25% OFF","Cosmic Kitchen",4.2,"International, Continental, Grill, Asian","AED 405 for two","Courtyard by Marriott World Trade Centre, Al Satwa, Dubai","12.5 km","https://www.zomato.com/dubai/cosmic-kitchen-al-satwa/info","https://b.zmtcdn.com/data/pictures/0/20944070/3737f7a377b052bc9f906ed7db7c0160_featured_v2.jpg","https://b.zmtcdn.com/data/o2_assets/9b1ff9e19b7fadea6c6a57e081a1f5ac1687776279.png"
45,,,"Public",4,"Italian, Pizza, Pasta","AED 175 for two","Downtown Dubai, Dubai","9.1 km","https://www.zomato.com/dubai/public-downtown-dubai/info","https://b.zmtcdn.com/data/pictures/5/19312195/a094abf5af2e132121f4ad67adcbbbbc_featured_v2.jpg",
46,,"Flat 10% OFF","Chai Wala Cafe",4.6,"Indian, Pakistani, North Indian","AED 80 for two","Al Ameed Mall, Al Quoz, Dubai","3.5 km","https://www.zomato.com/dubai/chai-wala-cafe-al-quoz/info","https://b.zmtcdn.com/data/pictures/6/210036/71559c6e4520f341638124cc97822516_featured_v2.jpg","https://b.zmtcdn.com/data/o2_assets/9b1ff9e19b7fadea6c6a57e081a1f5ac1687776279.png"
47,,"Flat 15% OFF","The Permit Room",4.1,"Indian, Indo-Chinese, South Indian, Continental, Finger Food","AED 190 for two","Majestic City Retreat Hotel, Mankhool, Dubai","15.5 km","https://www.zomato.com/dubai/the-permit-room-mankhool/info","https://b.zmtcdn.com/data/pictures/4/20704654/10880a7e0e423d76891ca0dadc5491f9_featured_v2.jpg","https://b.zmtcdn.com/data/o2_assets/9b1ff9e19b7fadea6c6a57e081a1f5ac1687776279.png"
48,,"Flat 30% OFF","Better Together Cafe",4.2,"Cafe, Italian, Healthy Food","AED 100 for two","Motor City, Dubai","9.6 km","https://www.zomato.com/dubai/better-together-cafe-motor-city/info","https://b.zmtcdn.com/data/pictures/1/21442241/8bb2a9e10e5640ef9e956e7f06211ae7_featured_v2.jpg","https://b.zmtcdn.com/data/o2_assets/9b1ff9e19b7fadea6c6a57e081a1f5ac1687776279.png"
49,,"Flat 15% OFF","Raagam Vegetarian Restaurant","New","South Indian, North Indian, Indian, Indo-Chinese","AED 50 for two","Oud Metha, Dubai","14.4 km","https://www.zomato.com/dubai/raagam-vegetarian-restaurant-oud-metha/info","https://b.zmtcdn.com/data/pictures/1/21367061/fa4c9e581e7305a0ac978732427a8026_featured_v2.jpg","https://b.zmtcdn.com/data/o2_assets/9b1ff9e19b7fadea6c6a57e081a1f5ac1687776279.png"
50,,"Flat 15% OFF","Prabhu's",4.2,"Indian, North Indian, South Indian, Street Food","AED 110 for two","Mankhool, Dubai","15.1 km","https://www.zomato.com/dubai/prabhus-mankhool/info","https://b.zmtcdn.com/data/pictures/4/18793414/01a6640fe8a0f129955aa977cce95300_featured_v2.jpg","https://b.zmtcdn.com/data/o2_assets/9b1ff9e19b7fadea6c6a57e081a1f5ac1687776279.png"
51,,"Flat 15% OFF","The Stables",4.1,"Finger Food, British","AED 245 for two","Trade Centre Area, Dubai","11.9 km","https://www.zomato.com/dubai/the-stables-trade-centre-area/info","https://b.zmtcdn.com/data/pictures/6/201566/b97301e2ac5f6422d609b0887e291e9a_featured_v2.jpg","https://b.zmtcdn.com/data/o2_assets/9b1ff9e19b7fadea6c6a57e081a1f5ac1687776279.png"
52,,"Flat 20% OFF","WAWA Dining",4.7,"Asian, Japanese, Korean","AED 320 for two","Golden Tulip Al Barsha Hotel, Al Barsha, Dubai","4.1 km","https://www.zomato.com/dubai/wawa-dining-al-barsha/info","https://b.zmtcdn.com/data/pictures/6/19623756/a6ba8af9ae8cc9ce3cf4002609906a17_featured_v2.jpg","https://b.zmtcdn.com/data/o2_assets/9b1ff9e19b7fadea6c6a57e081a1f5ac1687776279.png"
53,,"Flat 20% OFF","StrEat Culture - DoubleTree By Hilton Dubai Al Jaddaf",4.4,"International, Fast Food","AED 300 for two","DoubleTree by Hilton Dubai, Al Jaddaf, Dubai","14.8 km","https://www.zomato.com/dubai/streat-culture-doubletree-by-hilton-dubai-al-jaddaf-al-jaddaf/info","https://b.zmtcdn.com/data/pictures/2/19044592/c5b748b4dbaeb902f9c89eadf70c4120_featured_v2.jpg","https://b.zmtcdn.com/data/o2_assets/9b1ff9e19b7fadea6c6a57e081a1f5ac1687776279.png"
54,,,"The Crossing",4.5,"Indian, Contemporary","AED 440 for two","The H Dubai, Trade Centre Area, Dubai","12.8 km","https://www.zomato.com/dubai/the-crossing-trade-centre-area/info","https://b.zmtcdn.com/data/pictures/9/20116179/28e6ca147bbc8a29033155c429d69bfb_featured_v2.jpg",
55,,,"Charsi & Shinwari and Koobideh Fusion",4.3,"Afghan, Iranian, Kebab","AED 120 for two","Nad Al Sheba, Dubai","7.6 km","https://www.zomato.com/dubai/charsi-shinwari-and-koobideh-fusion-nad-al-sheba/info","https://b.zmtcdn.com/data/pictures/0/21107310/143f8fb4aad75fbe86144bafdfd805ab_featured_v2.jpg",
56,,"Flat 20% OFF","Freddy's - Fortune Atrium Hotel",4.4,"Indian, Continental, Indo-Chinese, Fast Food, Steak","AED 250 for two","Fortune Atrium Hotel, Al Karama, Dubai","16 km","https://www.zomato.com/dubai/freddys-fortune-atrium-hotel-al-karama/info","https://b.zmtcdn.com/data/pictures/3/19479633/3724da29da2a6416f20ea92804d48687_featured_v2.jpg","https://b.zmtcdn.com/data/o2_assets/9b1ff9e19b7fadea6c6a57e081a1f5ac1687776279.png"
57,,"Flat 25% OFF","Urban Bar & Kitchen - Mövenpick Hotel Jumeirah Lakes Towers",4.3,"International, Fast Food, Desserts, Beverages","AED 310 for two","Mövenpick Hotel Jumeirah Lakes Towers, Dubai","11.3 km","https://www.zomato.com/dubai/urban-bar-kitchen-m%C3%B6venpick-hotel-jumeirah-lakes-towers-jumeirah-lake-towers/info","https://b.zmtcdn.com/data/pictures/9/206809/98f266212e227ae45ef4374a5357c85c_featured_v2.jpg","https://b.zmtcdn.com/data/o2_assets/9b1ff9e19b7fadea6c6a57e081a1f5ac1687776279.png"
58,,"Flat 15% OFF","Punjabi Dhaba","New","Indian","AED 100 for two","BurJuman Centre, Mankhool, Dubai","16 km","https://www.zomato.com/dubai/punjabi-dhaba-mankhool/info","https://b.zmtcdn.com/data/pictures/chains/3/18817083/de01b164121310a2d93fd214241d609f_featured_v2.jpg","https://b.zmtcdn.com/data/o2_assets/9b1ff9e19b7fadea6c6a57e081a1f5ac1687776279.png"
59,,"Flat 15% OFF","Piccolo Mondo View",3.2,"Arabian, International","AED 265 for two","Trade Centre Area, Dubai","10.3 km","https://www.zomato.com/dubai/piccolo-mondo-view-1-trade-centre-area/info","https://b.zmtcdn.com/data/pictures/0/207040/93fe333be4f9a96db982ed29831fa296_featured_v2.jpg","https://b.zmtcdn.com/data/o2_assets/9b1ff9e19b7fadea6c6a57e081a1f5ac1687776279.png"
60,,"Flat 15% OFF","Republic Adda Bar & Lounge",4.6,"Indian, Finger Food, Beverages","AED 315 for two","DoubleTree by Hilton Dubai - Business Bay, Dubai","8.4 km","https://www.zomato.com/dubai/republic-adda-bar-lounge-business-bay/info","https://b.zmtcdn.com/data/pictures/7/20145657/735d1b5cd797fa5bcd84e29a8a0485e5_featured_v2.jpg","https://b.zmtcdn.com/data/o2_assets/9b1ff9e19b7fadea6c6a57e081a1f5ac1687776279.png"
61,,"Flat 25% OFF","The Barbeque Company",4.2,"Indian, BBQ, Grill, Kebab, North Indian","AED 132 for two","Al Hudaiba and Around, Dubai","13.3 km","https://www.zomato.com/dubai/the-barbeque-company-al-hudaiba-and-around/info","https://b.zmtcdn.com/data/pictures/6/20620006/87428298b4918021a2b569b84207b9bc_featured_v2.jpg","https://b.zmtcdn.com/data/o2_assets/9b1ff9e19b7fadea6c6a57e081a1f5ac1687776279.png"
62,,"Flat 25% OFF","Sthan",4.2,"Biryani, North Indian, Pakistani, Mughlai, Afghan, Indian, Kebab","AED 155 for two","Al Karama, Dubai","15.6 km","https://www.zomato.com/dubai/sthan-al-karama/info","https://b.zmtcdn.com/data/pictures/3/18549283/9c4ceb80f78323fba38027bb74dff57d_featured_v2.jpg","https://b.zmtcdn.com/data/o2_assets/9b1ff9e19b7fadea6c6a57e081a1f5ac1687776279.png"
63,,"Flat 10% OFF","Via Delhi",4.3,"Indian, North Indian, Mughlai, Chinese, Biryani, Fast Food, Beverages","AED 115 for two","Cluster H, Jumeirah Lake Towers, Dubai","10.6 km","https://www.zomato.com/dubai/via-delhi-jumeirah-lake-towers/info","https://b.zmtcdn.com/data/pictures/chains/9/18325009/269977b2fae0643da0121f1c713ea6a5_featured_v2.jpg","https://b.zmtcdn.com/data/o2_assets/9b1ff9e19b7fadea6c6a57e081a1f5ac1687776279.png"
64,,"Flat 20% OFF","Hoy Punjab","New","Indian, North Indian","AED 110 for two","Al Karama, Dubai","15.7 km","https://www.zomato.com/dubai/hoy-punjab-al-karama/info","https://b.zmtcdn.com/data/pictures/6/21467906/40164c8d9e7eb5838e3b4fef1bda57ce_featured_v2.jpg","https://b.zmtcdn.com/data/o2_assets/9b1ff9e19b7fadea6c6a57e081a1f5ac1687776279.png"
65,,"Flat 20% OFF","Apna Kabab Rolls",3.9,"North Indian, Pakistani, Kebab, Indo-Chinese","AED 65 for two","Al Barsha, Dubai","3.6 km","https://www.zomato.com/dubai/apna-kabab-rolls-al-barsha/info","https://b.zmtcdn.com/data/pictures/chains/5/202135/eed47c819e0a174ba5364929219d8e8b_featured_v2.jpg","https://b.zmtcdn.com/data/o2_assets/9b1ff9e19b7fadea6c6a57e081a1f5ac1687776279.png"
66,,"Flat 25% OFF","Ushna",4.3,"Indian, Kebab, Street Food, Biryani, Desserts","AED 365 for two","Souk Madinat Jumeirah, Dubai","4.3 km","https://www.zomato.com/dubai/ushna-madinat-jumeirah/info","https://b.zmtcdn.com/data/pictures/chains/7/202337/73fb23014a8b07abf241657346eb6a3c_featured_v2.jpg","https://b.zmtcdn.com/data/o2_assets/9b1ff9e19b7fadea6c6a57e081a1f5ac1687776279.png"
67,,,"Aroos Damascus",4.4,"Arabian, Middle Eastern, Kebab","AED 165 for two","Al Muraqqabat, Dubai","18.2 km","https://www.zomato.com/dubai/aroos-damascus-al-muraqqabat/info","https://b.zmtcdn.com/data/pictures/4/201824/e10a78a2526c347bede531bffa124118_featured_v2.jpg",
68,,"Flat 15% OFF","Bombay Basera",4.5,"Indian, North Indian, South Indian","AED 80 for two","Business Bay, Dubai","7.2 km","https://www.zomato.com/dubai/bombay-basera-business-bay/info","https://b.zmtcdn.com/data/pictures/0/20852390/ba612149ebb49a9c4e6de3488f469eb5_featured_v2.jpg","https://b.zmtcdn.com/data/o2_assets/9b1ff9e19b7fadea6c6a57e081a1f5ac1687776279.png"
69,,"Flat 25% OFF","The Grandstand - Park Regis Kris Kin Hotel",4.5,"Pasta, Finger Food, Beverages, American, International, Drinks Only","AED 380 for two","Park Regis Kris Kin Hotel, Al Karama, Dubai","15.4 km","https://www.zomato.com/dubai/the-grandstand-park-regis-kris-kin-hotel-al-karama/info","https://b.zmtcdn.com/data/pictures/2/204452/604a34b3d93f785d8869edc2d24c470f_featured_v2.jpg","https://b.zmtcdn.com/data/o2_assets/9b1ff9e19b7fadea6c6a57e081a1f5ac1687776279.png"
70,,,"Parker's",3.3,"International","AED 175 for two","Dubai Mall, Downtown Dubai, Dubai","9.1 km","https://www.zomato.com/dubai/parkers-2-downtown-dubai/info","https://b.zmtcdn.com/data/pictures/chains/6/18289126/a6946e6e7612671dde16a9ba05b7da29_featured_v2.jpg",
71,,"Flat 20% OFF","The Spice Tree",3.4,"Indian, International","AED 160 for two","DoubleTree by Hilton Dubai M Square Hotel & Residences, Mankhool, Dubai, Dubai","15.5 km","https://www.zomato.com/dubai/the-spice-tree-mankhool/info","https://b.zmtcdn.com/data/pictures/chains/1/19549151/7cdd97da8c27f27eb1061b67e7695abd_featured_v2.jpg","https://b.zmtcdn.com/data/o2_assets/9b1ff9e19b7fadea6c6a57e081a1f5ac1687776279.png"
72,,"Flat 15% OFF","Zouzou Turkish & Lebanese",4.5,"Lebanese, Turkish","AED 305 for two","Jumeirah 1, Dubai","11.1 km","https://www.zomato.com/dubai/zouzou-turkish-lebanese-1-jumeirah-1/info","https://b.zmtcdn.com/data/pictures/chains/1/18564161/1bd758631f901bebf94d3a0572401ea8_featured_v2.jpg","https://b.zmtcdn.com/data/o2_assets/9b1ff9e19b7fadea6c6a57e081a1f5ac1687776279.png"
73,,,"Shree Khodiyar Kathiyawadi Dhaba","New","Gujarati, Indian","AED 120 for two","Al Khaleej Centre, Mankhool, Dubai","15.9 km","https://www.zomato.com/dubai/shree-khodiyar-kathiyawadi-dhaba-mankhool/info","https://b.zmtcdn.com/data/pictures/9/21514089/bc1e5b0f35365e88612ce2656ca03b2d_featured_v2.jpg",
74,,,"Urth Caffe",4.6,"Cafe, International, Tea, Coffee","AED 185 for two","City Walk, Al Safa, Dubai","9.6 km","https://www.zomato.com/dubai/urth-caffe-1-al-safa/info","https://b.zmtcdn.com/data/pictures/1/18822921/f0f9d4d48954760ae2b815c4879f5c02_featured_v2.jpg",
75,,"Flat 10% OFF","Soy",3.9,"Chinese, Thai, Sushi","AED 200 for two","Dubai Mall, Downtown Dubai, Dubai","9.3 km","https://www.zomato.com/dubai/soy-downtown-dubai/info","https://b.zmtcdn.com/data/pictures/chains/2/202232/33d125d2a5a52f5000cf06ad57bf1475_featured_v2.jpg","https://b.zmtcdn.com/data/o2_assets/9b1ff9e19b7fadea6c6a57e081a1f5ac1687776279.png"
76,,"Flat 25% OFF","Paros - Taj Jumeirah Lakes Towers",4.4,"Mediterranean","AED 330 for two","Taj Jumeirah Lakes Towers, Dubai","9.1 km","https://www.zomato.com/dubai/paros-taj-jumeirah-lakes-towers-jumeirah-lake-towers/info","https://b.zmtcdn.com/data/pictures/6/19273206/460110c174f8eaa7dcbec080d4d03b8c_featured_v2.jpg","https://b.zmtcdn.com/data/o2_assets/9b1ff9e19b7fadea6c6a57e081a1f5ac1687776279.png"
77,,"Flat 20% OFF","Beirut Streets",4.4,"Lebanese, Middle Eastern, Street Food","AED 120 for two","Al Barsha, Dubai","3 km","https://www.zomato.com/dubai/beirut-streets-al-barsha/info","https://b.zmtcdn.com/data/pictures/5/20610795/fc549ead95ae72e2f6f8e020789919e5_featured_v2.jpg","https://b.zmtcdn.com/data/o2_assets/9b1ff9e19b7fadea6c6a57e081a1f5ac1687776279.png"
78,,,"Banarasi Chaat & Kulfi Wala",4.2,"Street Food, Fast Food, North Indian, Desserts, Beverages","AED 75 for two","Al Karama, Dubai","14.2 km","https://www.zomato.com/dubai/banarasi-chaat-kulfi-wala-al-karama/info","https://b.zmtcdn.com/data/pictures/chains/7/18470987/9093c4144cc7d3767be1259f9d121186_featured_v2.jpg",
79,,"Flat 10% OFF","Masti – Cocktails & Cuisine",4.1,"Indian, Contemporary","AED 535 for two","The Dubai EDITION, Downtown Dubai, Dubai","8.9 km","https://www.zomato.com/dubai/masti-cocktails-cuisine-downtown-dubai/info","https://b.zmtcdn.com/data/pictures/5/20603025/1fce0e2f69f1e23ef61768c7d0d74b9c_featured_v2.jpg","https://b.zmtcdn.com/data/o2_assets/9b1ff9e19b7fadea6c6a57e081a1f5ac1687776279.png"
80,,"Flat 20% OFF","59 Street Kitchen & Bar",3.9,"Indian, Asian, Thai","AED 150 for two","Donatello Hotel, Al Barsha, Dubai","3.7 km","https://www.zomato.com/dubai/59-street-kitchen-bar-al-barsha/info","https://b.zmtcdn.com/data/pictures/9/21476139/262e5e81d5c7106f9fd30c6185a3c357_featured_v2.jpg","https://b.zmtcdn.com/data/o2_assets/9b1ff9e19b7fadea6c6a57e081a1f5ac1687776279.png"
81,,,"The Farm",4,"Mediterranean, International","AED 340 for two","Al Barari, Dubai","9.2 km","https://www.zomato.com/dubai/the-farm-al-barari/info","https://b.zmtcdn.com/data/pictures/1/202321/f86966944a952c875b25734644f84c89_featured_v2.jpg",
82,,"Flat 15% OFF","Eggiterian Cafe",4.8,"Indian, North Indian, Continental, Indo-Chinese","AED 70 for two","Cluster J, Jumeirah Lake Towers, Dubai","11 km","https://www.zomato.com/dubai/eggiterian-cafe-jumeirah-lake-towers/info","https://b.zmtcdn.com/data/pictures/2/19724662/19636f9b366508aff07f4e18ca471c78_featured_v2.jpg","https://b.zmtcdn.com/data/o2_assets/9b1ff9e19b7fadea6c6a57e081a1f5ac1687776279.png"
83,,,"SALT",3.9,"Fast Food, Burger","AED 125 for two","Downtown Dubai, Dubai","9.1 km","https://www.zomato.com/dubai/salt-downtown-dubai/info","https://b.zmtcdn.com/data/pictures/chains/8/208778/7d3c48415e6a5eeaecad6f12c8cd93bc_featured_v2.jpg",
84,,"Flat 15% OFF","Happy Sunday Hot Pot & BBQ",3.9,"Chinese, Filipino, Hot Pot, BBQ","AED 115 for two","Al Karama, Dubai","15.7 km","https://www.zomato.com/dubai/happy-sunday-hot-pot-bbq-al-karama/info","https://b.zmtcdn.com/data/pictures/8/19358938/47bfcee3593314e9a9a0b0f3f7b68169_featured_v2.jpg","https://b.zmtcdn.com/data/o2_assets/9b1ff9e19b7fadea6c6a57e081a1f5ac1687776279.png"
85,,"Flat 10% OFF","Chinese Village - Sea View Hotel",4.1,"Indo-Chinese, Thai","AED 280 for two","Sea View Hotel, Mankhool, Dubai","15.3 km","https://www.zomato.com/dubai/chinese-village-sea-view-hotel-mankhool/info","https://b.zmtcdn.com/data/pictures/chains/8/203948/218e7e555faac5a8b8dbebaea216fb28_featured_v2.jpg","https://b.zmtcdn.com/data/o2_assets/9b1ff9e19b7fadea6c6a57e081a1f5ac1687776279.png"
86,,"Flat 25% OFF","Shabestan - Radisson Blu Hotel Dubai Deira Creek",4.2,"Iranian, Kebab","AED 450 for two","Radisson Blu Hotel Dubai Deira Creek, Baniyas, Dubai","17.4 km","https://www.zomato.com/dubai/shabestan-radisson-blu-hotel-dubai-deira-creek-baniyas/info","https://b.zmtcdn.com/data/pictures/2/200112/feefd14ef121bf07a06527b48a561ea7_featured_v2.jpg","https://b.zmtcdn.com/data/o2_assets/9b1ff9e19b7fadea6c6a57e081a1f5ac1687776279.png"
87,,"Flat 20% OFF","Oregano",4.2,"Italian, Pizza, Pasta, Healthy Food","AED 180 for two","Dubai Silicon Oasis (DSO), Dubai","17.1 km","https://www.zomato.com/dubai/oregano-dubai-silicon-oasis-dso/info","https://b.zmtcdn.com/data/pictures/chains/9/203709/9198addf534debcc65a7abc4a8d701c5_featured_v2.jpg","https://b.zmtcdn.com/data/o2_assets/9b1ff9e19b7fadea6c6a57e081a1f5ac1687776279.png"
88,,,"Brunch & Cake",4.2,"Cafe, International, Desserts","AED 240 for two","Wasl 51, Jumeirah 1, Dubai","10.5 km","https://www.zomato.com/dubai/brunch-cake-jumeirah-1/info","https://b.zmtcdn.com/data/pictures/chains/7/19132747/4ed1c3a3c07f44d6854be56a72f94b44_featured_v2.jpg",
89,,"Flat 10% OFF","Bengaluru Naati Mane Restaurant",4.3,"South Indian","AED 85 for two","Al Karama, Dubai","15.4 km","https://www.zomato.com/dubai/bengaluru-naati-mane-restaurant-al-karama/info","https://b.zmtcdn.com/data/pictures/1/20350241/e689123a6d9b9d8662fb9adf9ca91f91_featured_v2.jpg","https://b.zmtcdn.com/data/o2_assets/9b1ff9e19b7fadea6c6a57e081a1f5ac1687776279.png"
90,,,"Salkara Restaurant",4.2,"Indian, South Indian, Kerala","AED 60 for two","Lulu Hypermarket, Al Qusais, Dubai","21.5 km","https://www.zomato.com/dubai/salkara-restaurant-qusais/info","https://b.zmtcdn.com/data/pictures/5/202155/849216a405db2d13d652b49fafd4180c_featured_v2.jpg",
91,,"Flat 20% OFF","Denny's",4.4,"American, Burger, Desserts","AED 230 for two","City Centre Deira, Deira City Centre Area, Dubai","17.4 km","https://www.zomato.com/dubai/dennys-deira-city-centre-area/info","https://b.zmtcdn.com/data/pictures/chains/7/208707/d76e30502fad4d5df536250174ba5ae6_featured_v2.jpg","https://b.zmtcdn.com/data/o2_assets/9b1ff9e19b7fadea6c6a57e081a1f5ac1687776279.png"
92,,"Flat 10% OFF","San Wan Hand Pulled Noodles",4.7,"Chinese, Asian","AED 90 for two","Jumeirah Lake Towers (JLT), Dubai","10.6 km","https://www.zomato.com/dubai/san-wan-hand-pulled-noodles-jumeirah-lake-towers/info","https://b.zmtcdn.com/data/pictures/6/20672806/8c5d86638bb22bb24099d097b4d8a517_featured_v2.jpg","https://b.zmtcdn.com/data/o2_assets/9b1ff9e19b7fadea6c6a57e081a1f5ac1687776279.png"
93,,"Flat 15% OFF","Manvaar",4.2,"Indian, North Indian, Rajasthani, Kebab","AED 110 for two","Al Karama, Dubai","14.3 km","https://www.zomato.com/dubai/manvaar-al-karama/info","https://b.zmtcdn.com/data/pictures/4/201944/2bd8691344768c857bd6cf5f2cd7fe12_featured_v2.jpg","https://b.zmtcdn.com/data/o2_assets/9b1ff9e19b7fadea6c6a57e081a1f5ac1687776279.png"
94,,"Flat 15% OFF","Coffee & Roses",4.3,"Cafe, Coffee, Desserts, Mediterranean","AED 145 for two","Al Barsha, Dubai","3.1 km","https://www.zomato.com/dubai/coffee-roses-al-barsha/info","https://b.zmtcdn.com/data/pictures/1/21012861/68e61b53323a7920243f0cbbb0e77db6_featured_v2.jpg","https://b.zmtcdn.com/data/o2_assets/9b1ff9e19b7fadea6c6a57e081a1f5ac1687776279.png"
95,,"Flat 10% OFF","My Govinda's",4,"Indian, North Indian, Healthy Food","AED 165 for two","Al Karama, Dubai","15.9 km","https://www.zomato.com/dubai/my-govindas-al-karama/info","https://b.zmtcdn.com/data/pictures/8/201608/c09f630da46331ee26b35df95715e3a7_featured_v2.jpg","https://b.zmtcdn.com/data/o2_assets/9b1ff9e19b7fadea6c6a57e081a1f5ac1687776279.png"
96,,,"Seva Table",4.3,"Healthy Food, Cafe, Tea, Coffee","AED 215 for two","Jumeirah 1, Dubai","12 km","https://www.zomato.com/dubai/seva-table-jumeirah-1/info","https://b.zmtcdn.com/data/pictures/7/210017/d94b2db9d1d08819a97f6990e2e62a43_featured_v2.jpg",
97,,,"Al Ustad Special Kabab",4.5,"Kebab, Iranian","AED 90 for two","Mankhool, Dubai","16.3 km","https://www.zomato.com/dubai/al-ustad-special-kabab-mankhool/info","https://b.zmtcdn.com/data/pictures/6/202706/5c39534129584f2f7b6ecdce26bc14e1_featured_v2.jpg",
98,,"Flat 25% OFF","Zest Loungge",4.4,"Indian, Chinese, Kebab, Seafood, Desserts, Beverages","AED 300 for two","La Quinta by Wyndham, Mankhool, Dubai","14.5 km","https://www.zomato.com/dubai/zest-loungge-mankhool/info","https://b.zmtcdn.com/data/pictures/chains/6/20912876/9e4839b800baf1fb04910bca850f52a7_featured_v2.jpg","https://b.zmtcdn.com/data/o2_assets/9b1ff9e19b7fadea6c6a57e081a1f5ac1687776279.png"
99,,"Flat 25% OFF","Argentina Grill",3.9,"Argentine, Grill, Latin American, Seafood, Salad, Steak, Desserts, Beverages","AED 400 for two","Vida Creek Harbour, Ras Al Khor, Dubai","14.5 km","https://www.zomato.com/dubai/argentina-grill-dubai-creek-harbour/info","https://b.zmtcdn.com/data/pictures/2/21180952/b99493a4d4496ecd274ee7baaab416f9_featured_v2.jpg","https://b.zmtcdn.com/data/o2_assets/9b1ff9e19b7fadea6c6a57e081a1f5ac1687776279.png"
100,,,"P.F. Chang's - بي.ف. تشانغز",4.1,"Asian, Chinese","AED 280 for two","Dubai Mall, Downtown Dubai, Dubai","9.1 km","https://www.zomato.com/dubai/p-f-changs-downtown-dubai/info","https://b.zmtcdn.com/data/pictures/chains/6/200676/8b060d8609126f4d6094d8f266b169e1_featured_v2.jpg",
101,,"Flat 15% OFF","Ghazal The Royal Fine Dine Restaurant",4.6,"North Indian, Indian, Mughlai, Kebab, Beverages, Italian, Continental","AED 450 for two","Mankhool, Dubai","15.2 km","https://www.zomato.com/dubai/ghazal-the-royal-fine-dine-restaurant-mankhool/info","https://b.zmtcdn.com/data/pictures/4/21164974/144425848b986e19a99cc7e7c0b32e31_featured_v2.jpg","https://b.zmtcdn.com/data/o2_assets/9b1ff9e19b7fadea6c6a57e081a1f5ac1687776279.png"
102,,"Flat 30% OFF","Morgan's Gastropub - Al Bandar Rotana",4.4,"American, British, Tapas","AED 360 for two","Al Bandar Rotana, Baniyas, Dubai","17.3 km","https://www.zomato.com/dubai/morgans-gastropub-al-bandar-rotana-baniyas/info","https://b.zmtcdn.com/data/pictures/5/18638075/3a7b868b3f757c780ae08b4620a2f3a4_featured_v2.jpg","https://b.zmtcdn.com/data/o2_assets/9b1ff9e19b7fadea6c6a57e081a1f5ac1687776279.png"
103,,,"Dampa Seafood Grill",4.4,"Seafood","AED 80 for two","Centurion Star Tower, Deira City Centre Area, Dubai","17.3 km","https://www.zomato.com/dubai/dampa-seafood-grill-deira-city-centre-area/info","https://b.zmtcdn.com/data/pictures/5/209365/82afefea5bc6789bbdb843d9e22a1a18_featured_v2.jpg",
104,,"Flat 15% OFF","Hard Rock Cafe",4.5,"American, Burger","AED 410 for two","Dubai Festival City Mall, Festival City, Dubai","16.4 km","https://www.zomato.com/dubai/hard-rock-cafe-dubai-festival-city/info","https://b.zmtcdn.com/data/pictures/1/201531/76c17d5680322da27b370c5d36bac252_featured_v2.jpg","https://b.zmtcdn.com/data/o2_assets/9b1ff9e19b7fadea6c6a57e081a1f5ac1687776279.png"
105,,"Flat 20% OFF","The Eloquent Elephant - Taj Dubai",4.6,"British, Beverages","AED 440 for two","Taj Dubai, Business Bay, Dubai","8.2 km","https://www.zomato.com/dubai/the-eloquent-elephant-taj-dubai-business-bay/info","https://b.zmtcdn.com/data/pictures/3/209713/8a69da5a3bc6e06603f95ff1c132d254_featured_v2.jpg","https://b.zmtcdn.com/data/o2_assets/9b1ff9e19b7fadea6c6a57e081a1f5ac1687776279.png"
106,,"Flat 15% OFF","Vasai Local Restaurant",4.1,"Seafood, Indian, Street Food, Maharashtrian","AED 125 for two","Al Karama, Dubai","15.8 km","https://www.zomato.com/dubai/vasai-local-restaurant-al-karama/info","https://b.zmtcdn.com/data/pictures/7/19041407/307116449e35095a220e98e67d82fa30_featured_v2.jpg","https://b.zmtcdn.com/data/o2_assets/9b1ff9e19b7fadea6c6a57e081a1f5ac1687776279.png"
107,,,"Royal Desi Rasoi Restaurant",4,"Indian, North Indian, South Indian, Indo-Chinese, Continental","AED 80 for two","Al Muraqqabat, Dubai","18.4 km","https://www.zomato.com/dubai/royal-desi-rasoi-restaurant-al-muraqqabat/info","https://b.zmtcdn.com/data/pictures/8/21341578/7b55087314743c27b42e13be40cc8cab_featured_v2.jpg",
108,,"Flat 15% OFF","Biryaniwalla & Co",4.4,"Biryani, Hyderabadi, North Indian","AED 135 for two","Abu Hail, Dubai","21.3 km","https://www.zomato.com/dubai/biryaniwalla-co-abu-hail/info","https://b.zmtcdn.com/data/pictures/chains/3/18820043/c11d8af145976f953e75c6d63127bc01_featured_v2.jpg","https://b.zmtcdn.com/data/o2_assets/9b1ff9e19b7fadea6c6a57e081a1f5ac1687776279.png"
109,,"Flat 15% OFF","Carluccio's",4,"Italian, Pizza, Pasta","AED 270 for two","Dubai Mall, Downtown Dubai, Dubai","9.1 km","https://www.zomato.com/dubai/carluccios-downtown-dubai/info","https://b.zmtcdn.com/data/pictures/chains/1/200721/af1c201ec287ac7ba157a2659abffe49_featured_v2.jpg","https://b.zmtcdn.com/data/o2_assets/9b1ff9e19b7fadea6c6a57e081a1f5ac1687776279.png"
110,,,"Social House",4.2,"International, Japanese, Italian, Pizza","AED 275 for two","Dubai Mall, Downtown Dubai, Dubai","9.1 km","https://www.zomato.com/dubai/social-house-downtown-dubai/info","https://b.zmtcdn.com/data/pictures/3/201103/9f020492daa99911f478c03e4e7affb5_featured_v2.jpg",
111,,"Flat 10% OFF","Maisan 15",4.9,"Cafe","AED 160 for two","Al Barsha South, Dubai","5.6 km","https://www.zomato.com/dubai/maisan-15-1-al-barsha-south/info","https://b.zmtcdn.com/data/pictures/4/18598304/2a85809895bec5bf772b587c764c6dc6_featured_v2.jpg","https://b.zmtcdn.com/data/o2_assets/9b1ff9e19b7fadea6c6a57e081a1f5ac1687776279.png"
112,,"Flat 40% OFF","Feta Restaurant - Edge Creekside Hotel",3.8,"Mediterranean","AED 200 for two","Edge Creekside Hotel, Baniyas, Dubai","17.4 km","https://www.zomato.com/dubai/feta-restaurant-edge-creekside-hotel-baniyas/info","https://b.zmtcdn.com/data/pictures/5/19625115/283bfa3e8c1b9a465b1122c566f7da27_featured_v2.jpg","https://b.zmtcdn.com/data/o2_assets/9b1ff9e19b7fadea6c6a57e081a1f5ac1687776279.png"
113,,"Flat 20% OFF","Lemar Afghan Cuisine",3.8,"Afghan","AED 225 for two","Umm Suqeim, Dubai","4.1 km","https://www.zomato.com/dubai/lemar-afghan-cuisine-umm-suqeim/info","https://b.zmtcdn.com/data/pictures/2/20562272/dbbf2814febb96e2a03913da9b2b772b_featured_v2.jpg","https://b.zmtcdn.com/data/o2_assets/9b1ff9e19b7fadea6c6a57e081a1f5ac1687776279.png"
114,,"Flat 10% OFF","H2O Cafe And Restaurant",4.4,"Indian, Burger, Desserts, Beverages","AED 90 for two","Al Karama, Dubai","14.3 km","https://www.zomato.com/dubai/h2o-cafe-and-restaurant-al-karama/info","https://b.zmtcdn.com/data/pictures/7/20374847/fc80391026e81c3bb6af95d8e9fb0d97_featured_v2.jpg","https://b.zmtcdn.com/data/o2_assets/9b1ff9e19b7fadea6c6a57e081a1f5ac1687776279.png"
115,,,"Dindigul Thalappakatti Biriyani",4,"Indian, South Indian, Biryani","AED 90 for two","Al Karama, Dubai","14.9 km","https://www.zomato.com/dubai/dindigul-thalappakatti-biriyani-al-karama/info","https://b.zmtcdn.com/data/pictures/6/18349376/8f2f3ae4f48e935a3e078396b20cfe23_featured_v2.jpg",
116,,,"Barasti - Le Méridien Mina Seyahi Beach Resort & Marina",4.3,"Continental, Mediterranean","AED 470 for two","Le Méridien Mina Seyahi Beach Resort & Marina, Dubai Marina, Dubai","9 km","https://www.zomato.com/dubai/barasti-le-mridien-mina-seyahi-beach-resort-marina-dubai-marina/info","https://b.zmtcdn.com/data/pictures/0/201560/b82cbff7b879f8c2b5ffcbf60e3deba5_featured_v2.jpg",
117,,"Flat 10% OFF","Shanghai Kitchen",4.2,"Asian, Filipino, Indo-Chinese","AED 100 for two","Al Satwa, Dubai","13.3 km","https://www.zomato.com/dubai/shanghai-kitchen-al-satwa/info","https://b.zmtcdn.com/data/pictures/5/203045/8057cac156172e850d366716b135cb3d_featured_v2.jpg","https://b.zmtcdn.com/data/o2_assets/9b1ff9e19b7fadea6c6a57e081a1f5ac1687776279.png"
118,,"Flat 20% OFF","Mara Restaurant & Lounge",4.4,"International, Fast Food, Desserts, Cafe","AED 305 for two","Wasl 51, Jumeirah 1, Dubai","10.6 km","https://www.zomato.com/dubai/mara-restaurant-lounge-jumeirah-1/info","https://b.zmtcdn.com/data/pictures/6/19158016/1cb7d1aa80e817a898baad3ae61c79c1_featured_v2.jpg","https://b.zmtcdn.com/data/o2_assets/9b1ff9e19b7fadea6c6a57e081a1f5ac1687776279.png"
119,,,"The Guild",3.9,"European, American","AED 475 for two","DIFC, Dubai","10.7 km","https://www.zomato.com/dubai/the-guild-1-difc/info","https://b.zmtcdn.com/data/pictures/9/20613379/c4eabc57f83ae6c9480fea66c5b6e943_featured_v2.jpg",
120,,,"Romantic Baka",4.2,"Korean","AED 105 for two","Al Ghurair Centre, Al Rigga, Dubai","17.9 km","https://www.zomato.com/dubai/romantic-baka-al-rigga/info","https://b.zmtcdn.com/data/pictures/6/20041746/3d573df2f675772a2079ed0a001208dd_featured_v2.jpg",
121,,,"Al Beiruti",4.3,"Lebanese, Grill, Beverages, Shawarma","AED 200 for two","Al Safa, Dubai","1.9 km","https://www.zomato.com/dubai/al-beiruti-al-safa/info","https://b.zmtcdn.com/data/pictures/9/19485439/3b37d780516dbdca5374fd0a9d7b8974_featured_v2.jpg",
122,,"Flat 15% OFF","Sundowners - Majestic City Retreat Hotel",4.5,"Finger Food, International, North Indian","AED 360 for two","Majestic City Retreat Hotel, Mankhool, Dubai","15.5 km","https://www.zomato.com/dubai/sundowners-majestic-city-retreat-hotel-mankhool/info","https://b.zmtcdn.com/data/pictures/1/18613591/1ccb0698c8457c616a2863cfc61f8249_featured_v2.jpg","https://b.zmtcdn.com/data/o2_assets/9b1ff9e19b7fadea6c6a57e081a1f5ac1687776279.png"
123,,,"February 30",3.9,"International","AED 500 for two","Palm Jumeirah, Dubai","8.8 km","https://www.zomato.com/dubai/february-30-palm-jumeirah/info","https://b.zmtcdn.com/data/pictures/6/19845146/6b2626a2ed72d228f93be707577093c4_featured_v2.jpg",
124,,,"Rang",3.3,"North Indian, Indian","AED 250 for two","Dubai Mall, Downtown Dubai, Dubai","9.1 km","https://www.zomato.com/dubai/rang-downtown-dubai/info","https://b.zmtcdn.com/data/pictures/chains/6/20906826/d91a0e7a806d1d31bd54fa583035ce90_featured_v2.jpg",
125,,"Flat 10% OFF","FiLLi Select",4.5,"Cafe, Indian, Biryani, North Indian, Beverages, Tea, Coffee","AED 150 for two","City Walk, Al Safa, Dubai","9.5 km","https://www.zomato.com/dubai/filli-select-al-safa/info","https://b.zmtcdn.com/data/pictures/chains/3/18735363/50d6fbb4c34b7ee5de1dfb152440c33c_featured_v2.jpg","https://b.zmtcdn.com/data/o2_assets/9b1ff9e19b7fadea6c6a57e081a1f5ac1687776279.png"
126,,,"Al Rayyan Mandi Restaurant",3.9,"Mandi","AED 135 for two","Al Rigga, Dubai","17.6 km","https://www.zomato.com/dubai/al-rayyan-mandi-restaurant-al-rigga/info","https://b.zmtcdn.com/data/pictures/4/19102994/f847739dca1f0f10cc7e655c530c7343_featured_v2.jpg",
127,,"Flat 20% OFF","Palm Kitchen - Taj Exotica Resort & Spa",4.1,"Indian, Arabian, Thai, Seafood, International, Desserts","AED 355 for two","Taj Exotica Resort & Spa, Palm Jumeirah, Dubai","7.3 km","https://www.zomato.com/dubai/palm-kitchen-taj-exotica-resort-spa-palm-jumeirah/info","https://b.zmtcdn.com/data/pictures/3/20189433/ccc1fd91a5ecd66f76a48d95673ab0e0_featured_v2.jpg","https://b.zmtcdn.com/data/o2_assets/9b1ff9e19b7fadea6c6a57e081a1f5ac1687776279.png"
128,,,"Virpur Restaurant",4.2,"Street Food, Indian, Fast Food, South Indian","AED 45 for two","Al Ras, Dubai","17.3 km","https://www.zomato.com/dubai/virpur-restaurant-al-ras/info","https://b.zmtcdn.com/data/pictures/5/18670385/861a9576baab307f6cdaad67ec30cc23_featured_v2.jpg",
129,,,"HuQQabaz",2.8,"Turkish, European, Cafe","AED 190 for two","Jumeirah 2, Dubai","8.7 km","https://www.zomato.com/dubai/huqqabaz-jumeirah-2/info","https://b.zmtcdn.com/data/pictures/9/19857659/5ef05115d310cbc16b78796dd71b2e49_featured_v2.jpg",
130,,,"Urban Tadka",3.5,"North Indian, South Indian, Indo-Chinese, Street Food, Desserts, Beverages","AED 105 for two","Discovery Gardens, Dubai","13.1 km","https://www.zomato.com/dubai/urban-tadka-discovery-gardens/info","https://b.zmtcdn.com/data/pictures/chains/7/201737/8134866ef6b3880d4ea40bee373f0010_featured_v2.jpg",
131,,,"Khairat Lebanon",4.2,"Lebanese, Middle Eastern, Arabian, Desserts, Beverages, Shawarma","AED 80 for two","Umm Suqeim, Dubai","3.9 km","https://www.zomato.com/dubai/khairat-lebanon-umm-suqeim/info","https://b.zmtcdn.com/data/pictures/8/20562128/0f8840d1c197d56f89d59d5fe2205915_featured_v2.jpg",
132,,,"Indian Access",4,"North Indian, Indian, BBQ","AED 75 for two","Dubai Hills Mall, Dubai","3.4 km","https://www.zomato.com/dubai/indian-access-dubai-hills/info","https://b.zmtcdn.com/data/pictures/6/20507566/6c85b16739e770d7b13ad4efcd187027_featured_v2.jpg",
133,,"Flat 15% OFF","Aziz Bhai Restaurant",4,"Indian, Biryani","AED 70 for two","Oud Metha, Dubai","14.5 km","https://www.zomato.com/dubai/aziz-bhai-restaurant-oud-metha/info","https://b.zmtcdn.com/data/pictures/5/20764955/addfdb21ddd13097f9fcff363cf8cca9_featured_v2.jpg","https://b.zmtcdn.com/data/o2_assets/9b1ff9e19b7fadea6c6a57e081a1f5ac1687776279.png"
134,,"Flat 15% OFF","Golden Dragon Restaurant",4.3,"Asian, Thai, Chinese","AED 160 for two","Oud Metha, Dubai","14.5 km","https://www.zomato.com/dubai/golden-dragon-restaurant-oud-metha/info","https://b.zmtcdn.com/data/pictures/chains/1/207071/e28b0466074ab186942b5382015496e7_featured_v2.jpg","https://b.zmtcdn.com/data/o2_assets/9b1ff9e19b7fadea6c6a57e081a1f5ac1687776279.png"
135,,"Flat 25% OFF","Society Room",4.5,"International, Finger Food, Beverages","AED 325 for two","Raffles Dubai, Umm Hurair 2, Dubai","14.5 km","https://www.zomato.com/dubai/society-room-umm-hurair/info","https://b.zmtcdn.com/data/pictures/6/20853706/34d0421f3bfaab8b966d180d574db986_featured_v2.jpg","https://b.zmtcdn.com/data/o2_assets/9b1ff9e19b7fadea6c6a57e081a1f5ac1687776279.png"
136,,"Flat 20% OFF","Hyperama Diner",4,"African, Fast Food","AED 125 for two","Al Quoz, Dubai","2.7 km","https://www.zomato.com/dubai/hyperama-diner-al-quoz/info","https://b.zmtcdn.com/data/pictures/chains/4/19159104/e26c8411783ebbb272332c9e770b9eae_featured_v2.jpg","https://b.zmtcdn.com/data/o2_assets/9b1ff9e19b7fadea6c6a57e081a1f5ac1687776279.png"
137,,"Flat 20% OFF","Chicken Tikka Inn",3.6,"Indian, Mughlai, Kebab, North Indian, Grill","AED 85 for two","Mankhool, Dubai","14.7 km","https://www.zomato.com/dubai/chicken-tikka-inn-mankhool/info","https://b.zmtcdn.com/data/pictures/9/200789/086ebf4fc06212e959577cba7ee222a6_featured_v2.jpg","https://b.zmtcdn.com/data/o2_assets/9b1ff9e19b7fadea6c6a57e081a1f5ac1687776279.png"
138,,,"Cipriani",4.3,"Italian","AED 500 for two","Gate Village, DIFC, Dubai","11 km","https://www.zomato.com/dubai/cipriani-difc/info","https://b.zmtcdn.com/data/pictures/6/18254156/f5d877bbae53e3939cdf751672faee4d_featured_v2.jpg",
139,,"Flat 25% OFF","L'Antica Pizzeria Da Michele",4.1,"Italian, Pizza","AED 290 for two","Dubai Hills Mall, Dubai","3.3 km","https://www.zomato.com/dubai/lantica-pizzeria-da-michele-dubai-hills/info","https://b.zmtcdn.com/data/pictures/8/20518278/e8ed98422d3adf7c3d5d26b36279b6e8_featured_v2.jpg","https://b.zmtcdn.com/data/o2_assets/9b1ff9e19b7fadea6c6a57e081a1f5ac1687776279.png"
140,,,"Hari Prasad Pure Vegetarian Restaurant",4.1,"Indian, North Indian, South Indian","AED 90 for two","Discovery Gardens, Dubai","13.2 km","https://www.zomato.com/dubai/hari-prasad-pure-vegetarian-restaurant-discovery-gardens/info","https://b.zmtcdn.com/data/pictures/4/18457484/c9d22667b920accf78399e1e7e71012c_featured_v2.jpeg",
141,,,"Nando's - Mall of the Emirates",4.3,"Portuguese, African, Beverages","AED 100 for two","Mall of the Emirates, Al Barsha, Dubai","3.1 km","https://www.zomato.com/dubai/nandos-mall-of-the-emirates-al-barsha/info","https://b.zmtcdn.com/data/pictures/chains/0/200130/acc28a4c6559b2ab964a53b399c36fea_featured_v2.jpg",
142,,"Flat 10% OFF","Bombay Sweets & Bakery",3.7,"North Indian, South Indian, Street Food, Desserts","AED 40 for two","Al Nahda, Dubai","22.9 km","https://www.zomato.com/dubai/bombay-sweets-bakery-al-nahda/info","https://b.zmtcdn.com/data/pictures/8/202098/738c7ad12b97c4dc56425425df9d484a_featured_v2.jpg","https://b.zmtcdn.com/data/o2_assets/9b1ff9e19b7fadea6c6a57e081a1f5ac1687776279.png"
143,,"Flat 20% OFF","Code Eight Mixo Lounge",3.9,"International, Mediterranean, Middle Eastern, Beverages","AED 70 for two","Mercure Dubai Barsha Heights Hotel Suites, Dubai","6.2 km","https://www.zomato.com/dubai/code-eight-mixo-lounge-barsha-heights/info","https://b.zmtcdn.com/data/pictures/chains/2/20574242/7815b27de61714c69ff7dc36b1996aff_featured_v2.jpg","https://b.zmtcdn.com/data/o2_assets/9b1ff9e19b7fadea6c6a57e081a1f5ac1687776279.png"
144,,,"Tayeb Kitchen Restaurant",4.2,"Indian, Hyderabadi, Mughlai","AED 65 for two","Al Khabaisi, Dubai","17.7 km","https://www.zomato.com/dubai/tayeb-kitchen-restaurant-al-khabaisi/info","https://b.zmtcdn.com/data/pictures/8/204758/1a9aedb64aa4bd36ffe17225e98c5728_featured_v2.jpg",
145,,,"Lazy Cat","New","Cafe, Beverages","AED 130 for two","Al Quoz, Dubai","5.5 km","https://www.zomato.com/dubai/lazy-cat-al-quoz/info","https://b.zmtcdn.com/data/pictures/8/21517678/12a974e6a9a4c3483adc4b523a090ba7_featured_v2.jpg",
146,,,"Cassano Cafe",3.9,"Cafe","AED 65 for two","Remraam, Dubai","13.9 km","https://www.zomato.com/dubai/cassano-cafe-remraam/info","https://b.zmtcdn.com/data/pictures/5/19948735/78004f265b14476bb0da79f2fd2dbef7_featured_v2.jpg",
147,,"Flat 20% OFF","Hanoi Naturally",4,"Asian, Vietnamese","AED 105 for two","Cluster C, Jumeirah Lake Towers, Dubai","11 km","https://www.zomato.com/hanoinaturallyJLTdubai/info","https://b.zmtcdn.com/data/pictures/chains/1/203481/cf0b592d803c5f0f4ef29e6d036a89a4_featured_v2.jpg","https://b.zmtcdn.com/data/o2_assets/9b1ff9e19b7fadea6c6a57e081a1f5ac1687776279.png"
148,,"Flat 20% OFF","Barbecue Delights Express",3.8,"Pakistani, Indian, BBQ","AED 155 for two","Motor City, Dubai","9.1 km","https://www.zomato.com/dubai/barbecue-delights-express-motor-city/info","https://b.zmtcdn.com/data/pictures/chains/0/202580/23e9a239262499ba3d941a387adc7620_featured_v2.jpg","https://b.zmtcdn.com/data/o2_assets/9b1ff9e19b7fadea6c6a57e081a1f5ac1687776279.png"
149,,,"Forever Rose Cafe",3.8,"Cafe, Tea, Coffee, Beverages","AED 235 for two","BOXPARK, Al Safa, Dubai","8.4 km","https://www.zomato.com/dubai/forever-rose-cafe-al-safa/info","https://b.zmtcdn.com/data/pictures/1/19540691/c7eacba86be77febe633b886e5a0901d_featured_v2.jpg",
150,,,"TJ's",4.5,"International, Beverages","AED 410 for two","Taj Jumeirah Lakes Towers, Dubai","9.1 km","https://www.zomato.com/dubai/tjs-jumeirah-lake-towers/info","https://b.zmtcdn.com/data/pictures/9/19273179/fd5ee6ad8377fb74aca6f68232086e45_featured_v2.jpg",
151,,"Flat 10% OFF","Bosporus",4,"Turkish","AED 310 for two","Dubai Hills Mall, Dubai","3.3 km","https://www.zomato.com/dubai/bosporus-dubai-hills/info","https://b.zmtcdn.com/data/pictures/chains/3/203363/2d6dcb5788ebd17efd521abd9de109b0_featured_v2.jpg","https://b.zmtcdn.com/data/o2_assets/9b1ff9e19b7fadea6c6a57e081a1f5ac1687776279.png"
152,,"Flat 10% OFF","Kinara By Vikas Khanna - JA Lake View Hotel",4.1,"Indian, Asian, Healthy Food, Beverages","AED 280 for two","JA Lake View Hotel, Mina Jebel Ali, Dubai","26 km","https://www.zomato.com/dubai/kinara-by-vikas-khanna-ja-lake-view-hotel-jafza/info","https://b.zmtcdn.com/data/pictures/2/19210372/9f8f9d41a5c03aab6c5cb8db7edf1f42_featured_v2.jpg","https://b.zmtcdn.com/data/o2_assets/9b1ff9e19b7fadea6c6a57e081a1f5ac1687776279.png"
153,,,"Moon Slice - The Pizza Space",4.4,"Pizza, Italian, Beverages","AED 230 for two","Dar Wasl Mall, Al Safa, Dubai","7.5 km","https://www.zomato.com/dubai/moon-slice-the-pizza-space-al-safa/info","https://b.zmtcdn.com/data/pictures/8/19648188/1a2898658a89de957a2c86190a93a38e_featured_v2.jpg",
154,,,"Shimmers - Jumeirah Mina Al Salam",4.1,"Greek, Mediterranean","AED 515 for two","Mina A' Salam, Madinat Jumeirah, Dubai","4.4 km","https://www.zomato.com/dubai/shimmers-jumeirah-mina-al-salam-madinat-jumeirah/info","https://b.zmtcdn.com/data/pictures/5/18263025/579c45a1ac47e7d4f33cd10f227c1bfe_featured_v2.jpg",
155,,"Flat 15% OFF","Buffalo Wild Wings",4.1,"American, Fast Food","AED 180 for two","Umm Suqeim, Dubai","5 km","https://www.zomato.com/dubai/buffalo-wild-wings-umm-suqeim/info","https://b.zmtcdn.com/data/pictures/chains/0/208950/df722cc6d38f9b03c591f7feabcb8555_featured_v2.jpg","https://b.zmtcdn.com/data/o2_assets/9b1ff9e19b7fadea6c6a57e081a1f5ac1687776279.png"
